Symbol,Category
RELIANCE,LargeCap
HDFCBANK,LargeCap
TCS,LargeCap
BHARTIARTL,LargeCap
ICICIBANK,LargeCap
INFY,LargeCap
SBIN,LargeCap
HINDUNILVR,LargeCap
BAJFINANCE,LargeCap
ITC,LargeCap
LICI,LargeCap
LT,LargeCap
HCLTECH,LargeCap
SUNPHARMA,LargeCap
KOTAKBANK,LargeCap
MARUTI,LargeCap
M&M,LargeCap
AXISBANK,LargeCap
ULTRACEMCO,LargeCap
NTPC,LargeCap
ONGC,LargeCap
BAJAJFINSV,LargeCap
TITAN,LargeCap
WIPRO,LargeCap
HAL,LargeCap
ADANIENT,LargeCap
POWERGRID,LargeCap
ADANIPORTS,LargeCap
DMART,LargeCap
TATAMOTORS,LargeCap
JSWSTEEL,LargeCap
COALINDIA,LargeCap
BAJAJ-AUTO,LargeCap
BEL,LargeCap
ETERNAL,LargeCap
NESTLEIND,LargeCap
ASIANPAINT,LargeCap
ADANIPOWER,LargeCap
TRENT,LargeCap
INDIGO,LargeCap
IOC,LargeCap
HINDZINC,LargeCap
DLF,LargeCap
TATASTEEL,LargeCap
VBL,LargeCap
IRFC,LargeCap
GRASIM,LargeCap
VEDL,LargeCap
JIOFIN,LargeCap
DIVISLAB,LargeCap
SBILIFE,LargeCap
TECHM,LargeCap
LTIM,LargeCap
ADANIGREEN,LargeCap
PIDILITIND,LargeCap
HDFCLIFE,LargeCap
HYUNDAI,LargeCap
EICHERMOT,LargeCap
HINDALCO,LargeCap
BAJAJHLDNG,LargeCap
PFC,LargeCap
AMBUJACEM,LargeCap
LODHA,LargeCap
BPCL,LargeCap
BRITANNIA,LargeCap
CHOLAFIN,LargeCap
ABB,LargeCap
TVSMOTOR,LargeCap
TATAPOWER,LargeCap
CIPLA,LargeCap
GODREJCP,LargeCap
BANKBARODA,LargeCap
GAIL,LargeCap
SHRIRAMFIN,LargeCap
PNB,LargeCap
RECLTD,LargeCap
INDHOTEL,LargeCap
SIEMENS,LargeCap
SOLARINDS,LargeCap
TORNTPHARM,LargeCap
MAZDOCK,LargeCap
MAXHEALTH,LargeCap
UNITDSPR,LargeCap
SHREECEM,LargeCap
TATACONSUM,LargeCap
DRREDDY,LargeCap
MANKIND,LargeCap
BAJAJHFL,LargeCap
ENRIN,LargeCap
ADANIENSOL,LargeCap
MOTHERSON,LargeCap
CGPOWER,LargeCap
APOLLOHOSP,LargeCap
HAVELLS,LargeCap
INDUSTOWER,LargeCap
UNIONBANK,LargeCap
NAUKRI,LargeCap
LUPIN,LargeCap
ZYDUSLIFE,LargeCap
JINDALSTEL,LargeCap
HDFCAMC,MidCap
ICICIGI,MidCap
MUTHOOTFIN,MidCap
DIXON,MidCap
NTPCGREEN,MidCap
JSWENERGY,MidCap
CANBK,MidCap
IDBI,MidCap
PERSISTENT,MidCap
DABUR,MidCap
ICICIPRULI,MidCap
BOSCHLTD,MidCap
MARICO,MidCap
POLYCAB,MidCap
SWIGGY,MidCap
SRF,MidCap
GMRAIRPORT,MidCap
BSE,MidCap
CUMMINSIND,MidCap
NHPC,MidCap
SBICARD,MidCap
IOB,MidCap
HEROMOTOCO,MidCap
RVNL,MidCap
SUZLON,MidCap
HINDPETRO,MidCap
POLICYBZR,MidCap
BHEL,MidCap
OFSS,MidCap
BHARTIHEXA,MidCap
INDIANB,MidCap
WAAREEENER,MidCap
TORNTPOWER,MidCap
GICRE,MidCap
ATGL,MidCap
COLPAL,MidCap
LLOYDSME,MidCap
AUROPHARMA,MidCap
OIL,MidCap
INDUSINDBK,MidCap
GODREJPROP,MidCap
PATANJALI,MidCap
ASHOKLEY,MidCap
IDEA,MidCap
OBEROIRLTY,MidCap
POWERINDIA,MidCap
COROMANDEL,MidCap
BERGEPAINT,MidCap
JSWINFRA,MidCap
IRCTC,MidCap
ALKEM,MidCap
PRESTIGE,MidCap
NMDC,MidCap
YESBANK,MidCap
PHOENIXLTD,MidCap
TIINDIA,MidCap
BHARATFORG,MidCap
UNOMINDA,MidCap
SCHAEFFLER,MidCap
LINDEINDIA,MidCap
COFORGE,MidCap
PIIND,MidCap
KALYANKJIL,MidCap
UBL,MidCap
FACT,MidCap
SUNDARMFIN,MidCap
PAYTM,MidCap
BDL,MidCap
MRF,MidCap
NYKAA,MidCap
VMM,MidCap
JSL,MidCap
FORTIS,MidCap
UPL,MidCap
ABCAPITAL,MidCap
BALKRISIND,MidCap
PAGEIND,MidCap
BANKINDIA,MidCap
LTTS,MidCap
MPHASIS,MidCap
SUPREMEIND,MidCap
SAIL,MidCap
FEDERALBNK,MidCap
IREDA,MidCap
AUBANK,MidCap
IDFCFIRSTB,MidCap
HEXT,MidCap
PETRONET,MidCap
GLAXO,MidCap
PREMIERENE,MidCap
TATACOMM,MidCap
PGHH,MidCap
GVT&D,MidCap
VOLTAS,MidCap
JUBLFOOD,MidCap
APLAPOLLO,MidCap
CONCOR,MidCap
MOTILALOFS,MidCap
HUDCO,MidCap
UCOBANK,MidCap
MFSL,MidCap
COCHINSHIP,MidCap
BIOCON,MidCap
GLENMARK,MidCap
FLUOROCHEM,MidCap
THERMAX,MidCap
NAM-INDIA,MidCap
360ONE,MidCap
LTF,MidCap
ITCHOTELS,MidCap
JKCEMENT,MidCap
MAHABANK,MidCap
BLUESTARCO,MidCap
ASTRAL,MidCap
CENTRALBK,MidCap
SJVN,MidCap
TATAELXSI,MidCap
GODREJIND,MidCap
CRISIL,MidCap
ESCORTS,MidCap
IPCALAB,MidCap
ACC,MidCap
KPITTECH,MidCap
DALBHARAT,MidCap
GODFRYPHLP,MidCap
AWL,MidCap
M&MFIN,MidCap
KAYNES,MidCap
KPRMILL,MidCap
NATIONALUM,MidCap
KEI,MidCap
AJANTPHARM,MidCap
NH,MidCap
HONAUT,MidCap
3MINDIA,MidCap
LAURUSLABS,MidCap
CHOLAHLDNG,MidCap
AIIL,MidCap
NLCINDIA,MidCap
EXIDEIND,MidCap
RADICO,MidCap
LICHSGFIN,MidCap
TATAINVEST,MidCap
SONACOMS,MidCap
METROBRAND,MidCap
MEDANTA,MidCap
AIAENG,MidCap
GUJGASLTD,MidCap
COHANCE,SmallCap
IRB,SmallCap
TATATECH,SmallCap
ENDURANCE,SmallCap
CDSL,SmallCap
ITI,SmallCap
APARINDS,SmallCap
GILLETTE,SmallCap
PPLPHARMA,SmallCap
NIACL,SmallCap
GODIGIT,SmallCap
SYNGENE,SmallCap
APOLLOTYRE,SmallCap
IKS,SmallCap
DEEPAKNTR,SmallCap
IGL,SmallCap
AEGISVOPAK,SmallCap
AEGISLOG,SmallCap
POONAWALLA,SmallCap
BRIGADE,SmallCap
NBCC,SmallCap
JBCHEPHARM,SmallCap
GLAND,SmallCap
PSB,SmallCap
SUMICHEM,SmallCap
EMAMILTD,SmallCap
OLAELEC,SmallCap
JYOTICNC,SmallCap
BANDHANBNK,SmallCap
ASTERDM,SmallCap
KIMS,SmallCap
FSL,SmallCap
SUNTV,SmallCap
MSUMI,SmallCap
PNBHOUSING,SmallCap
STARHEALTH,SmallCap
POLYMED,SmallCap
PGEL,SmallCap
ABREL,SmallCap
MRPL,SmallCap
DELHIVERY,SmallCap
PEL,SmallCap
ZFCVINDIA,SmallCap
HSCL,SmallCap
WOCKPHARMA,SmallCap
JSWHL,SmallCap
CHAMBLFERT,SmallCap
EIHOTEL,SmallCap
SHYAMMETL,SmallCap
LALPATHLAB,SmallCap
AFFLE,SmallCap
ANGELONE,SmallCap
TATACHEM,SmallCap
CROMPTON,SmallCap
HINDCOPPER,SmallCap
GRSE,SmallCap
NUVAMA,SmallCap
AMBER,SmallCap
RAMCOCEM,SmallCap
INOXWIND,SmallCap
EMCURE,SmallCap
KEC,SmallCap
PFIZER,SmallCap
TIMKEN,SmallCap
MANYAVAR,SmallCap
WELCORP,SmallCap
FIVESTAR,SmallCap
HATSUN,SmallCap
PTCIL,SmallCap
FIRSTCRY,SmallCap
SAGILITY,SmallCap
NAVINFLUOR,SmallCap
DEVYANI,SmallCap
SUNDRMFAST,SmallCap
CESC,SmallCap
SKFINDIA,SmallCap
BASF,SmallCap
CASTROLIND,SmallCap
ASTRAZEN,SmallCap
ABSLAMC,SmallCap
KANSAINER,SmallCap
CARBORUNIV,SmallCap
ANANTRAJ,SmallCap
TVSHLTD,SmallCap
RATNAMANI,SmallCap
KFINTECH,SmallCap
ERIS,SmallCap
CAMS,SmallCap
REDINGTON,SmallCap
ABLBL,SmallCap
CONCORDBIO,SmallCap
GRINDWELL,SmallCap
ATUL,SmallCap
ARE&M,SmallCap
MANAPPURAM,SmallCap
TRITURBINE,SmallCap
AADHARHFC,SmallCap
ONESOURCE,SmallCap
CHALET,SmallCap
GSPL,SmallCap
APLLTD,SmallCap
RPOWER,SmallCap
KPIL,SmallCap
IGIL,SmallCap
KARURVYSYA,SmallCap
VINATIORGA,SmallCap
ZENSARTECH,SmallCap
KIOCL,SmallCap
BIKAJI,SmallCap
LMW,SmallCap
NATCOPHARM,SmallCap
IRCON,SmallCap
CENTURYPLY,SmallCap
AFCONS,SmallCap
CREDITACC,SmallCap
VENTIVE,SmallCap
DCMSHRIRAM,SmallCap
ASAHIINDIA,SmallCap
SIGNATURE,SmallCap
SARDAEN,SmallCap
CIEINDIA,SmallCap
BATAINDIA,SmallCap
BLS,SmallCap
SCHNEIDER,SmallCap
IEX,SmallCap
IIFL,SmallCap
NEWGEN,SmallCap
JWL,SmallCap
VGUARD,SmallCap
NEULANDLAB,SmallCap
DOMS,SmallCap
JBMA,SmallCap
ELGIEQUIP,SmallCap
DEEPAKFERT,SmallCap
WHIRLPOOL,SmallCap
AKZOINDIA,SmallCap
JINDALSAW,SmallCap
AARTIIND,SmallCap
JUBLPHARMA,SmallCap
CAPLIPOINT,SmallCap
ANANDRATHI,SmallCap
APTUS,SmallCap
ZENTEC,SmallCap
BLUEDART,SmallCap
CYIENT,SmallCap
KAJARIACER,SmallCap
EIDPARRY,SmallCap
SAILIFE,SmallCap
SWANENERGY,SmallCap
PCBL,SmallCap
TRIDENT,SmallCap
ACE,SmallCap
TBOTEK,SmallCap
HBLENGINE,SmallCap
NIVABUPA,SmallCap
TARIL,SmallCap
ECLERX,SmallCap
AAVAS,SmallCap
KIRLOSBROS,SmallCap
GODREJAGRO,SmallCap
FINCABLES,SmallCap
TEJASNET,SmallCap
BEML,SmallCap
RAINBOW,SmallCap
UTIAMC,SmallCap
CLEAN,SmallCap
CGCL,SmallCap
INDGN,SmallCap
SOBHA,SmallCap
NCC,SmallCap
GRAVITA,SmallCap
TECHNOE,SmallCap
THELEELA,SmallCap
IFCI,SmallCap
LTFOODS,SmallCap
NAVA,SmallCap
BBTC,SmallCap
GESHIP,SmallCap
BLUEJET,SmallCap
SANOFI,SmallCap
INDIAMART,SmallCap
CELLO,SmallCap
ACMESOLAR,SmallCap
RRKABEL,SmallCap
VTL,SmallCap
MGL,SmallCap
FINEORG,SmallCap
JYOTHYLAB,SmallCap
ALIVUS,SmallCap
CUB,SmallCap
WELSPUNLIV,SmallCap
RKFORGE,SmallCap
TTML,SmallCap
KSB,SmallCap
CEATLTD,SmallCap
HFCL,SmallCap
MAHSCOOTER,SmallCap
AGARWALEYE,SmallCap
MINDACORP,SmallCap
GRANULES,SmallCap
GPIL,SmallCap
SPLPETRO,SmallCap
BSOFT,SmallCap
ELECON,SmallCap
DATAPATTNS,SmallCap
FINPIPE,SmallCap
INTELLECT,SmallCap
SONATSOFTW,SmallCap
NUVOCO,SmallCap
JAIBALAJI,SmallCap
RITES,SmallCap
ATHERENERG,SmallCap
FORCEMOT,SmallCap
INGERRAND,SmallCap
TITAGARH,SmallCap
CRAFTSMAN,SmallCap
KIRLOSENG,SmallCap
RELAXO,SmallCap
CHOICEIN,SmallCap
ZYDUSWELL,SmallCap
SHAKTIPUMP,SmallCap
GRINFRA,SmallCap
RAILTEL,SmallCap
EMBDL,SmallCap
WESTLIFE,SmallCap
SANOFICONR,SmallCap
RELINFRA,SmallCap
RBLBANK,SmallCap
NSLNISP,SmallCap
JUBLINGREA,SmallCap
ZEEL,SmallCap
LEMONTREE,SmallCap
J&KBANK,SmallCap
AETHER,SmallCap
MARKSANS,SmallCap
JMFINANCIL,SmallCap
BALRAMCHIN,SmallCap
SAFARI,SmallCap
EUREKAFORB,SmallCap
AVANTIFEED,SmallCap
HOMEFIRST,SmallCap
JPPOWER,SmallCap
PARADEEP,SmallCap
VIJAYA,SmallCap
WAAREERTL,SmallCap
SBFC,SmallCap
PRAJIND,SmallCap
ABDL,SmallCap
ENGINERSIN,SmallCap
SAMMAANCAP,SmallCap
ITDCEM,SmallCap
SAPPHIRE,SmallCap
OLECTRA,SmallCap
SAREGAMA,SmallCap
NETWEB,SmallCap
GMDCLTD,SmallCap
PRUDENT,SmallCap
JLHL,SmallCap
PVRINOX,SmallCap
HAPPSTMNDS,SmallCap
USHAMART,SmallCap
GENUSPOWER,SmallCap
TEGA,SmallCap
ABFRL,SmallCap
MEDPLUS,SmallCap
AZAD,SmallCap
GRAPHITE,SmallCap
MAPMYINDIA,SmallCap
VESUVIUS,SmallCap
INDIACEM,SmallCap
INOXINDIA,SmallCap
RHIM,SmallCap
GALLANTT,SmallCap
GANESHHOUC,SmallCap
EDELWEISS,SmallCap
JKLAKSHMI,SmallCap
MMTC,SmallCap
ARVIND,SmallCap
CANFINHOME,SmallCap
ACUTAAS,SmallCap
DBREALTY,SmallCap
ALKYLAMINE,SmallCap
SHRIPISTON,SmallCap
TTKPRESTIG,SmallCap
ANURAS,SmallCap
GRWRHITECH,SmallCap
NAZARA,SmallCap
CCL,SmallCap
BECTORFOOD,SmallCap
BIRLACORPN,SmallCap
MAHSEAMLES,SmallCap
WABAG,SmallCap
BELRISE,SmallCap
ALOKINDS,SmallCap
TIMETECHNO,SmallCap
SYRMA,SmallCap
JKTYRE,SmallCap
PGHL,SmallCap
CHENNPETRO,SmallCap
STARCEMENT,SmallCap
METROPOLIS,SmallCap
TRIVENI,SmallCap
LLOYDSENGG,SmallCap
HEG,SmallCap
ASKAUTOLTD,SmallCap
SCI,SmallCap
KPIGREEN,SmallCap
REDTAPE,SmallCap
AKUMS,SmallCap
INDIASHLTR,SmallCap
LATENTVIEW,SmallCap
HAPPYFORGE,SmallCap
TIPSMUSIC,SmallCap
ISGEC,SmallCap
GARFIBRES,SmallCap
TCI,SmallCap
SYMPHONY,SmallCap
SFL,SmallCap
HONASA,SmallCap
GALAXYSURF,SmallCap
CAMPUS,SmallCap
GMRP&UI,SmallCap
POWERMECH,SmallCap
SUDARSCHEM,SmallCap
AURIONPRO,SmallCap
IIFLCAPS,SmallCap
RCF,SmallCap
CERA,SmallCap
VOLTAMP,SmallCap
BBOX,SmallCap
IONEXCHANG,SmallCap
KIRLPNU,SmallCap
ASTRAMICRO,SmallCap
RELIGARE,SmallCap
GABRIEL,SmallCap
EPIGRAL,SmallCap
GSFC,SmallCap
GNFC,SmallCap
NETWORK18,SmallCap
VARROC,SmallCap
SANSERA,SmallCap
PNGJL,SmallCap
CMSINFO,SmallCap
JUSTDIAL,SmallCap
UJJIVANSFB,SmallCap
SHAILY,SmallCap
CARTRADE,SmallCap
ESABINDIA,SmallCap
BLACKBUCK,SmallCap
MAXESTATES,SmallCap
RAYMONDLSL,SmallCap
OSWALPUMPS,SmallCap
HGINFRA,SmallCap
TANLA,SmallCap
MASTEK,SmallCap
PCJEWELLER,SmallCap
PRIVISCL,SmallCap
TRANSRAILL,SmallCap
HCG,SmallCap
BAJAJELEC,SmallCap
SUNDARMHLD,SmallCap
EQUITASBNK,SmallCap
PNCINFRA,SmallCap
AJAXENGG,SmallCap
SHILPAMED,SmallCap
SANDUMA,SmallCap
ACI,SmallCap
FDC,SmallCap
WELENT,SmallCap
KTKBANK,SmallCap
GPPL,SmallCap
EPL,SmallCap
SWSOLAR,SmallCap
THOMASCOOK,SmallCap
RUSTOMJEE,SmallCap
KRBL,SmallCap
DODLA,SmallCap
CHEMPLASTS,SmallCap
MANORAMA,SmallCap
LLOYDSENT,SmallCap
TMB,SmallCap
BORORENEW,SmallCap
KNRCON,SmallCap
JINDWORLD,SmallCap
PRSMJOHNSN,SmallCap
MOIL,SmallCap
ORIENTCEM,SmallCap
AARTIPHARM,SmallCap
SOUTHBANK,SmallCap
RENUKA,SmallCap
ELECTCAST,SmallCap
RTNINDIA,SmallCap
NESCO,SmallCap
BALUFORGE,SmallCap
ROUTE,SmallCap
MHRIL,SmallCap
DBL,SmallCap
GOKEX,SmallCap
TDPOWERSYS,SmallCap
MANINFRA,SmallCap
ETHOSLTD,SmallCap
VMART,SmallCap
JUNIPER,SmallCap
EMUDHRA,SmallCap
DHANUKA,SmallCap
PURVA,SmallCap
GREENLAM,SmallCap
STAR,SmallCap
PDSL,SmallCap
TEXRAIL,SmallCap
SUNTECK,SmallCap
RATEGAIN,SmallCap
BANCOINDIA,SmallCap
MIDHANI,SmallCap
SENCO,SmallCap
TI,SmallCap
HNDFDS,SmallCap
KSCL,SmallCap
V2RETAIL,SmallCap
TIIL,SmallCap
GHCL,SmallCap
PGIL,SmallCap
ASHOKA,SmallCap
IXIGO,SmallCap
ANUP,SmallCap
TVSSCS,SmallCap
SURYAROSNI,SmallCap
RTNPOWER,SmallCap
MAHLIFE,SmallCap
SHOPERSTOP,SmallCap
ARVINDFASN,SmallCap
BANSALWIRE,SmallCap
ICIL,SmallCap
JKPAPER,SmallCap
ICRA,SmallCap
CSBBANK,SmallCap
THANGAMAYL,SmallCap
IFBIND,SmallCap
GULFOILLUB,SmallCap
SHARDACROP,SmallCap
UNIMECH,SmallCap
SUPRAJIT,SmallCap
AHLUCONT,SmallCap
RESPONIND,SmallCap
INFIBEAM,SmallCap
RAJESHEXPO,SmallCap
REFEX,SmallCap
ENTERO,SmallCap
PRICOLLTD,SmallCap
AVL,SmallCap
SUPRIYA,SmallCap
WEBELSOLAR,SmallCap
NIITMTS,SmallCap
DIACABS,SmallCap
LXCHEM,SmallCap
UEL,SmallCap
INOXGREEN,SmallCap
ZAGGLE,SmallCap
HCC,SmallCap
JKIL,SmallCap
AGI,SmallCap
GREAVESCOT,SmallCap
GAEL,SmallCap
AVALON,SmallCap
EMIL,SmallCap
INDIGOPNTS,SmallCap
PROTEAN,SmallCap
SKIPPER,SmallCap
INNOVACAP,SmallCap
KRN,SmallCap
SKYGOLD,SmallCap
ITDC,SmallCap
GMMPFAUDLR,SmallCap
SPARC,SmallCap
ORCHPHARMA,SmallCap
VIPIND,SmallCap
SUNCLAY,SmallCap
RALLIS,SmallCap
PILANIINVS,SmallCap
E2E,SmallCap
VSTIND,SmallCap
STYRENIX,SmallCap
SHARDAMOTR,SmallCap
QUESS,SmallCap
SIS,SmallCap
OPTIEMUS,SmallCap
PARAS,SmallCap
RAIN,SmallCap
MASFIN,SmallCap
ORIENTELEC,SmallCap
PTC,SmallCap
JSFB,SmallCap
BANARISUG,SmallCap
JCHAC,SmallCap
CEIGALL,SmallCap
BALAMINES,SmallCap
HIKAL,SmallCap
AWFIS,SmallCap
MTARTECH,SmallCap
NFL,SmallCap
DYNAMATECH,SmallCap
NEOGEN,SmallCap
HEIDELBERG,SmallCap
UNICHEMLAB,SmallCap
SUNFLAG,SmallCap
GUJALKALI,SmallCap
KITEX,SmallCap
RSYSTEMS,SmallCap
GOCOLORS,SmallCap
THYROCARE,SmallCap
LUXIND,SmallCap
YATHARTH,SmallCap
LUMAXTECH,SmallCap
VRLLOG,SmallCap
DBCORP,SmallCap
INDIAGLYCO,SmallCap
EASEMYTRIP,SmallCap
TARC,SmallCap
SWARAJENG,SmallCap
WONDERLA,SmallCap
SUBROS,SmallCap
MPSLTD,SmallCap
SHAREINDIA,SmallCap
GOLDIAM,SmallCap
APOLLO,SmallCap
BOROLTD,SmallCap
JISLJALEQS,SmallCap
BHARATRAS,SmallCap
ROLEXRINGS,SmallCap
SEQUENT,SmallCap
RAYMOND,SmallCap
VAIBHAVGBL,SmallCap
DHANI,SmallCap
CIGNITITEC,SmallCap
CARERATING,SmallCap
EIEL,SmallCap
GOKULAGRO,SmallCap
RBA,SmallCap
NPST,SmallCap
LGBBROSLTD,SmallCap
FIEMIND,SmallCap
MCLOUD,SmallCap
GANECOS,SmallCap
HEMIPROP,SmallCap
SAMHI,SmallCap
INDOSTAR,SmallCap
DCBBANK,SmallCap
PITTIENG,SmallCap
GOPAL,SmallCap
HERITGFOOD,SmallCap
INDRAMEDCO,SmallCap
POLYPLEX,SmallCap
ASHAPURMIN,SmallCap
GUFICBIO,SmallCap
EPACK,SmallCap
UFLEX,SmallCap
STLTECH,SmallCap
MSTCLTD,SmallCap
ROSSARI,SmallCap
AXISCADES,SmallCap
CYIENTDLM,SmallCap
BHAGCHEM,SmallCap
KINGFA,SmallCap
ARTEMISMED,SmallCap
KIRLOSIND,SmallCap
IMFA,SmallCap
EMSLIMITED,SmallCap
PATELENG,SmallCap
AARTIDRUGS,SmallCap
RPGLIFE,SmallCap
SHANTIGEAR,SmallCap
GREENPLY,SmallCap
DCAL,SmallCap
DATAMATICS,SmallCap
IMAGICAA,SmallCap
HARSHA,SmallCap
63MOONS,SmallCap
KSL,SmallCap
JAYNECOIND,SmallCap
JASH,SmallCap
VADILALIND,SmallCap
TEAMLEASE,SmallCap
JTEKTINDIA,SmallCap
FEDFINA,SmallCap
MEDIASSIST,SmallCap
RAMKY,SmallCap
PARKHOTELS,SmallCap
TCPLPACK,SmallCap
PRINCEPIPE,SmallCap
AJMERA,SmallCap
ADVENZYMES,SmallCap
POKARNA,SmallCap
GREENPANEL,SmallCap
BBL,SmallCap
CAMLINFINE,SmallCap
ALLCARGO,SmallCap
JAMNAAUTO,SmallCap
DPABHUSHAN,SmallCap
VSTTILLERS,SmallCap
GATEWAY,SmallCap
SUVEN,SmallCap
KDDL,SmallCap
BALMLAWRIE,SmallCap
NSIL,SmallCap
DIGITIDE,SmallCap
SIYSIL,SmallCap
KIRIINDUS,SmallCap
NOCIL,SmallCap
PAISALO,SmallCap
MOSCHIP,SmallCap
ORISSAMINE,SmallCap
AVANTEL,SmallCap
SANATHAN,SmallCap
SSWL,SmallCap
DCXINDIA,SmallCap
ARVSMART,SmallCap
MOREPENLAB,SmallCap
PFOCUS,SmallCap
NORTHARC,SmallCap
GUJTHEM,SmallCap
SJS,SmallCap
SGLTL,SmallCap
WSTCSTPAPR,SmallCap
JTLIND,SmallCap
NAVNETEDUL,SmallCap
QPOWER,SmallCap
ASHIANA,SmallCap
JINDALPOLY,SmallCap
DEEPINDS,SmallCap
ARKADE,SmallCap
SINDHUTRAD,SmallCap
DALMIASUG,SmallCap
KKCL,SmallCap
FCL,SmallCap
BOMDYEING,SmallCap
VISHNU,SmallCap
GENESYS,SmallCap
HPL,SmallCap
STYLAMIND,SmallCap
CAPACITE,SmallCap
SERVOTECH,SmallCap
BAJAJHIND,SmallCap
RPSGVENT,SmallCap
PRABHA,SmallCap
MTNL,SmallCap
MAITHANALL,SmallCap
SOTL,SmallCap
KPEL,SmallCap
PRAKASH,SmallCap
SHK,SmallCap
GIPCL,SmallCap
INTERARCH,SmallCap
FUSION,SmallCap
RPEL,SmallCap
BFUTILITIE,SmallCap
UTKARSHBNK,SmallCap
HUBTOWN,SmallCap
BEPL,SmallCap
TCIEXP,SmallCap
ALEMBICLTD,SmallCap
PRECWIRE,SmallCap
SBCL,SmallCap
LAOPALA,SmallCap
ADFFOODS,SmallCap
MARINE,SmallCap
GLOBUSSPR,SmallCap
SPECTRUM,SmallCap
VENUSPIPES,SmallCap
DDEVPLSTIK,SmallCap
SAGCEM,SmallCap
GOODLUCK,SmallCap
MARATHON,SmallCap
HMT,SmallCap
VEEDOL,SmallCap
TIRUMALCHM,SmallCap
TAJGVK,SmallCap
ORIENTHOT,SmallCap
PANACEABIO,SmallCap
MONARCH,SmallCap
KCP,SmallCap
DIAMONDYD,SmallCap
SUNDROP,SmallCap
FLAIR,SmallCap
PENIND,SmallCap
KOLTEPATIL,SmallCap
MBAPL,SmallCap
SANDHAR,SmallCap
SULA,SmallCap
NUCLEUS,SmallCap
AUTOAXLES,SmallCap
PSPPROJECT,SmallCap
HATHWAY,SmallCap
XPROINDIA,SmallCap
HGS,SmallCap
MOBIKWIK,SmallCap
CENTUM,SmallCap
INDOTECH,SmallCap
NILKAMAL,SmallCap
FOSECOIND,SmallCap
DELTACORP,SmallCap
ZOTA,SmallCap
SDBL,SmallCap
RAMRAT,SmallCap
NACLIND,SmallCap
SENORES,SmallCap
SASKEN,SmallCap
SEPC,SmallCap
KRSNAA,SmallCap
MUTHOOTMF,SmallCap
TASTYBITE,SmallCap
AEROFLEX,SmallCap
HONDAPOWER,SmallCap
SCILAL,SmallCap
PREMEXPLN,SmallCap
SEAMECLTD,SmallCap
HINDOILEXP,SmallCap
INDOCO,SmallCap
BAJAJCON,SmallCap
WINDMACHIN,SmallCap
REPCOHOME,SmallCap
CARRARO,SmallCap
LUMAXIND,SmallCap
VPRPL,SmallCap
NRBBEARING,SmallCap
EVEREADY,SmallCap
VENKEYS,SmallCap
PIXTRANS,SmallCap
SANGHVIMOV,SmallCap
MANGCHEFER,SmallCap
DCW,SmallCap
GEOJITFSL,SmallCap
STOVEKRAFT,SmallCap
SOLARA,SmallCap
SAKSOFT,SmallCap
BAJEL,SmallCap
WEL,SmallCap
MAYURUNIQ,SmallCap
PFS,SmallCap
LAXMIDENTL,SmallCap
DOLLAR,SmallCap
MAHLOG,SmallCap
JNKINDIA,SmallCap
VIDHIING,SmallCap
EIHAHOTELS,SmallCap
TVSSRICHAK,SmallCap
EXICOM,SmallCap
HITECH,SmallCap
SUMMITSEC,SmallCap
PANAMAPET,SmallCap
MANGLMCEM,SmallCap
RELTD,SmallCap
SMLISUZU,SmallCap
JINDRILL,SmallCap
CANTABIL,SmallCap
JYOTISTRUC,SmallCap
HLEGLAS,SmallCap
RAJOOENG,SmallCap
PARAGMILK,SmallCap
IOLCP,SmallCap
KALAMANDIR,SmallCap
YASHO,SmallCap
SHALBY,SmallCap
NELCO,SmallCap
VIMTALABS,SmallCap
FINOPB,SmallCap
RAMCOIND,SmallCap
JUBLCPL,SmallCap
ASALCBR,SmallCap
FMGOETZE,SmallCap
CUPID,SmallCap
WENDT,SmallCap
GTLINFRA,SmallCap
FILATEX,SmallCap
NITINSPIN,SmallCap
UDS,SmallCap
SPANDANA,SmallCap
COSMOFIRST,SmallCap
AGIIL,SmallCap
PRECAM,SmallCap
ACCELYA,SmallCap
JAICORPLTD,SmallCap
RPTECH,SmallCap
KICL,SmallCap
RANEHOLDIN,SmallCap
STYLEBAAZA,SmallCap
POCL,SmallCap
IDEAFORGE,SmallCap
SPAL,SmallCap
RAJRATAN,SmallCap
QUADFUTURE,SmallCap
INSECTICID,SmallCap
SOMANYCERA,SmallCap
SANGAMIND,SmallCap
WINDLAS,SmallCap
QUICKHEAL,SmallCap
MOTISONS,SmallCap
MANINDS,SmallCap
UNITECH,SmallCap
THEJO,SmallCap
LANDMARK,SmallCap
NIBE,SmallCap
INDIANHUME,SmallCap
CARYSIL,SmallCap
AMRUTANJAN,SmallCap
CONFIPET,SmallCap
UNIVCABLES,SmallCap
MOL,SmallCap
TARSONS,SmallCap
BFINVEST,SmallCap
HINDWAREAP,SmallCap
SMSPHARMA,SmallCap
HIMATSEIDE,SmallCap
INDOTHAI,SmallCap
STANLEY,SmallCap
VSSL,SmallCap
STEELCAS,SmallCap
BAJAJHCARE,SmallCap
SALZERELEC,SmallCap
HIRECT,SmallCap
IPL,SmallCap
NDRAUTO,SmallCap
NIITLTD,SmallCap
DREDGECORP,SmallCap
TATVA,SmallCap
MOLDTKPAC,SmallCap
DAMCAPITAL,SmallCap
VINDHYATEL,SmallCap
GEPIL,SmallCap
MMFL,SmallCap
PARACABLES,SmallCap
KMEW,SmallCap
DYCL,SmallCap
APCOTEXIND,SmallCap
SESHAPAPER,SmallCap
SANSTAR,SmallCap
DEEDEV,SmallCap
UGROCAP,SmallCap
APOLLOPIPE,SmallCap
TTKHLTCARE,SmallCap
TIL,SmallCap
TINNARUBR,SmallCap
KRISHANA,SmallCap
IKIO,SmallCap
RAMASTEEL,SmallCap
HMAAGRO,SmallCap
SALASAR,SmallCap
SYNCOMF,SmallCap
SIMPLEXINF,SmallCap
IGARASHI,SmallCap
ARIHANTSUP,SmallCap
NAVKARCORP,SmallCap
PNBGILTS,SmallCap
KERNEX,SmallCap
SURAJEST,SmallCap
DEN,SmallCap
SATIN,SmallCap
VAKRANGEE,SmallCap
DLINKINDIA,SmallCap
SHANKARA,SmallCap
ADOR,SmallCap
TALBROAUTO,SmallCap
WHEELS,SmallCap
SIRCA,SmallCap
RUPA,SmallCap
DOLATALGO,SmallCap
SPIC,SmallCap
CLSEL,SmallCap
TFCILTD,SmallCap
GRMOVER,SmallCap
ESAFSFB,SmallCap
SURAKSHA,SmallCap
EXPLEOSOL,SmallCap
ORIENTTECH,SmallCap
AWHCL,SmallCap
BLSE,SmallCap
DIVGIITTS,SmallCap
JAGRAN,SmallCap
GANDHAR,SmallCap
GMBREW,SmallCap
GREENPOWER,SmallCap
UDAICEMENT,SmallCap
GOCLCORP,SmallCap
VERANDA,SmallCap
ASTEC,SmallCap
MASTERTR,SmallCap
PLATIND,SmallCap
OMAXE,SmallCap
HUHTAMAKI,SmallCap
MUKANDLTD,SmallCap
ANDHRAPAP,SmallCap
THEMISMED,SmallCap
ROTO,SmallCap
UNIPARTS,SmallCap
SABTNL,SmallCap
BIRLANU,SmallCap
GPTINFRA,SmallCap
AGARIND,SmallCap
MICEL,SmallCap
SANGHIIND,SmallCap
HESTERBIO,SmallCap
EKC,SmallCap
ARMANFIN,SmallCap
GRPLTD,SmallCap
JAGSNPHARM,SmallCap
SIGACHI,SmallCap
IFGLEXPOR,SmallCap
DCMSRIND,SmallCap
DREAMFOLKS,SmallCap
DOLPHIN,SmallCap
GNA,SmallCap
BSHSL,SmallCap
NITCO,SmallCap
ALLDIGI,SmallCap
INDNIPPON,SmallCap
SHRIRAMPPS,SmallCap
DSSL,SmallCap
MSPL,SmallCap
CIFL,SmallCap
BLISSGVS,SmallCap
BLKASHYAP,SmallCap
ARISINFRA,SmallCap
RGL,SmallCap
YATRA,SmallCap
ONEPOINT,SmallCap
ECOSMOBLTY,SmallCap
IGPL,SmallCap
EXCELINDUS,SmallCap
RAMCOSYS,SmallCap
MADRASFERT,SmallCap
SIGNPOST,SmallCap
RIIL,SmallCap
JGCHEM,SmallCap
STERTOOLS,SmallCap
UNIECOM,SmallCap
TEXINFRA,SmallCap
SPMLINFRA,SmallCap
ATULAUTO,SmallCap
ALICON,SmallCap
ASIANENE,SmallCap
SURYODAY,SmallCap
HEUBACHIND,SmallCap
ROSSTECH,SmallCap
DPSCLTD,SmallCap
AMNPLST,SmallCap
SMCGLOBAL,SmallCap
CAPITALSFB,SmallCap
RAJRILTD,SmallCap
VINCOFE,SmallCap
AYMSYNTEX,SmallCap
MUFIN,SmallCap
IMPAL,SmallCap
TBZ,SmallCap
GTPL,SmallCap
GPTHEALTH,SmallCap
MONTECARLO,SmallCap
BHARATWIRE,SmallCap
WALCHANNAG,SmallCap
ICEMAKE,SmallCap
ESTER,SmallCap
BOROSCI,SmallCap
SPORTKING,SmallCap
HARIOMPIPE,SmallCap
RML,SmallCap
HITECHGEAR,SmallCap
ELECTHERM,SmallCap
BARBEQUE,SmallCap
FAIRCHEMOR,SmallCap
OMINFRAL,SmallCap
LINCOLN,SmallCap
GENSOL,SmallCap
KELLTONTEC,SmallCap
BCLIND,SmallCap
5PAISA,SmallCap
IRMENERGY,SmallCap
CHEMFAB,SmallCap
DISHTV,SmallCap
BUTTERFLY,SmallCap
KABRAEXTRU,SmallCap
PUNJABCHEM,SmallCap
DVL,SmallCap
CEWATER,SmallCap
YUKEN,SmallCap
GALAPREC,SmallCap
LGHL,SmallCap
CENTRUM,SmallCap
SUYOG,SmallCap
VHL,SmallCap
MATRIMONY,SmallCap
OAL,SmallCap
ADSL,SmallCap
KROSS,SmallCap
GULPOLY,SmallCap
HERANBA,SmallCap
GKWLIMITED,SmallCap
MVGJL,SmallCap
LIKHITHA,SmallCap
KOKUYOCMLN,SmallCap
CREST,SmallCap
WEALTH,SmallCap
JITFINFRA,SmallCap
PDMJEPAPER,SmallCap
SHREDIGCEM,SmallCap
CENTENKA,SmallCap
HEXATRADEX,SmallCap
FAZE3Q,SmallCap
BLUSPRING,SmallCap
GODAVARIB,SmallCap
RKSWAMY,SmallCap
RADHIKAJWE,SmallCap
SCODATUBES,SmallCap
CREATIVE,SmallCap
DHANBANK,SmallCap
SBGLP,SmallCap
XCHANGING,SmallCap
OSWALGREEN,SmallCap
CONTROLPR,SmallCap
EIMCOELECO,SmallCap
UNIENTER,SmallCap
GARUDA,SmallCap
DIFFNKG,SmallCap
INDORAMA,SmallCap
DECCANCE,SmallCap
ANDHRSUGAR,SmallCap
STEELXIND,SmallCap
AEROENTER,SmallCap
TNPL,SmallCap
TVTODAY,SmallCap
OSWALAGRO,SmallCap
AFSL,SmallCap
RISHABH,SmallCap
MANALIPETC,SmallCap
ROHLTD,SmallCap
VASCONEQ,SmallCap
PPL,SmallCap
BIGBLOC,SmallCap
SRHHYPOLTD,SmallCap
SAURASHCEM,SmallCap
MUKKA,SmallCap
SHIVALIK,SmallCap
SWELECTES,SmallCap
RICOAUTO,SmallCap
AVTNPL,SmallCap
MAMATA,SmallCap
INDOAMIN,SmallCap
ACLGATI,SmallCap
BIRLAMONEY,SmallCap
PENINLAND,SmallCap
JPASSOCIAT,SmallCap
UTTAMSUGAR,SmallCap
KUANTUM,SmallCap
KSOLVES,SmallCap
GICHSGFIN,SmallCap
DHUNINV,SmallCap
KOTHARIPET,SmallCap
MACPOWER,SmallCap
WCIL,SmallCap
ARROWGREEN,SmallCap
MAXIND,SmallCap
AVADHSUGAR,SmallCap
MUFTI,SmallCap
SELAN,SmallCap
NELCAST,SmallCap
KAMDHENU,SmallCap
SANDESH,SmallCap
SHREEPUSHK,SmallCap
ANUHPHR,SmallCap
HLVLTD,SmallCap
PARSVNATH,SmallCap
KECL,SmallCap
ZEEMEDIA,SmallCap
NCLIND,SmallCap
SHALPAINTS,SmallCap
SNOWMAN,SmallCap
VALIANTORG,SmallCap
DHAMPURSUG,SmallCap
KRISHIVAL,SmallCap
KOPRAN,SmallCap
SILVERTUC,SmallCap
PAKKA,SmallCap
RACLGEAR,SmallCap
NDTV,SmallCap
MAGADSUGAR,SmallCap
BESTAGRO,SmallCap
BAJAJINDEF,SmallCap
NINSYS,SmallCap
BLAL,SmallCap
EVERESTIND,SmallCap
NAHARSPING,SmallCap
ZUARI,SmallCap
PVSL,SmallCap
APTECHT,SmallCap
INDOFARM,SmallCap
SUBEXLTD,SmallCap
INFOBEAN,SmallCap
SASTASUNDR,SmallCap
GANDHITUBE,SmallCap
GANESHBE,SmallCap
VLSFINANCE,SmallCap
RITCO,SmallCap
SRM,SmallCap
AMBIKCO,SmallCap
TREL,SmallCap
DWARKESH,SmallCap
BODALCHEM,SmallCap
ASAL,SmallCap
VLEGOV,SmallCap
ZUARIIND,SmallCap
GEECEE,SmallCap
JPOLYINVST,SmallCap
GHCLTEXTIL,SmallCap
VHLTD,SmallCap
PRIMESECU,SmallCap
WANBURY,SmallCap
BIL,SmallCap
DENTA,SmallCap
SADHNANIQ,SmallCap
RATNAVEER,SmallCap
STCINDIA,SmallCap
ARIHANTCAP,SmallCap
THEINVEST,SmallCap
SATIA,SmallCap
JINDALPHOT,SmallCap
BALAJITELE,SmallCap
SARLAPOLY,SmallCap
MUNJALAU,SmallCap
KRYSTAL,SmallCap
INNOVANA,SmallCap
MALLCOM,SmallCap
NGLFINE,SmallCap
DHARMAJ,SmallCap
JAYBARMARU,SmallCap
ELDEHSG,SmallCap
JAYAGROGN,SmallCap
ASIANTILES,SmallCap
BHAGERIA,SmallCap
ELIN,SmallCap
BGRENERGY,SmallCap
LINC,SmallCap
URJA,SmallCap
KAMATHOTEL,SmallCap
MANAKCOAT,SmallCap
DMCC,SmallCap
20MICRONS,SmallCap
SURAJLTD,SmallCap
RSWM,SmallCap
RUSHIL,SmallCap
AURUM,SmallCap
STEL,SmallCap
CHEMCON,SmallCap
PROSTARM,SmallCap
IRIS,SmallCap
SUTLEJTEX,SmallCap
FOODSIN,SmallCap
SARVESHWAR,SmallCap
MANBA,SmallCap
ATL,SmallCap
APEX,SmallCap
SCHAND,SmallCap
REPRO,SmallCap
RUBYMILLS,SmallCap
DBEIL,SmallCap
TNPETRO,SmallCap
SICALLOG,SmallCap
MINDTECK,SmallCap
SGIL,SmallCap
TVSELECT,SmallCap
GFLLIMITED,SmallCap
RADIANTCMS,SmallCap
ENIL,SmallCap
HARDWYN,SmallCap
ASIANHOTNR,SmallCap
GLOSTERLTD,SmallCap
CCCL,SmallCap
HINDCOMPOS,SmallCap
MMP,SmallCap
SBC,SmallCap
LIBERTSHOE,SmallCap
CSLFINANCE,SmallCap
PVP,SmallCap
TRANSWORLD,SmallCap
FOCUS,SmallCap
SUKHJITS,SmallCap
ZODIAC,SmallCap
PRIMO,SmallCap
SPECIALITY,SmallCap
TPLPLASTEH,SmallCap
VISAKAIND,SmallCap
PREMIERPOL,SmallCap
CHEVIOT,SmallCap
ONWARDTEC,SmallCap
ORICONENT,SmallCap
TRACXN,SmallCap
RBZJEWEL,SmallCap
GVKPIL,SmallCap
HMVL,SmallCap
SPENCERS,SmallCap
KRITI,SmallCap
KHAICHEM,SmallCap
RPPINFRA,SmallCap
NECLIFE,SmallCap
SAKAR,SmallCap
NBIFIN,SmallCap
TEMBO,SmallCap
STALLION,SmallCap
CONSOFINVT,SmallCap
PYRAMID,SmallCap
SILINV,SmallCap
ESSARSHPNG,SmallCap
COFFEEDAY,SmallCap
DONEAR,SmallCap
BORANA,SmallCap
ABINFRA,SmallCap
MENONBE,SmallCap
NAHARPOLY,SmallCap
DICIND,SmallCap
KRONOX,SmallCap
TICL,SmallCap
PRECOT,SmallCap
SVLL,SmallCap
KILITCH,SmallCap
AVONMORE,SmallCap
ACL,SmallCap
MEDICAMEQ,SmallCap
EMAMIPAP,SmallCap
ONMOBILE,SmallCap
ORIENTPPR,SmallCap
VRAJ,SmallCap
EMKAY,SmallCap
NDL,SmallCap
IITL,SmallCap
INDOBORAX,SmallCap
VIKASLIFE,SmallCap
TOLINS,SmallCap
ADVANIHOTR,SmallCap
BHARATSE,SmallCap
SWANDEF,SmallCap
MBLINFRA,SmallCap
MAANALU,SmallCap
HERCULES,SmallCap
SREEL,SmallCap
HINDMOTORS,SmallCap
INDSWFTLAB,SmallCap
KRITINUT,SmallCap
MEGASOFT,SmallCap
BEDMUTHA,SmallCap
UGARSUGAR,SmallCap
SKMEGGPROD,SmallCap
MAZDA,SmallCap
ALBERTDAVD,SmallCap
PLASTIBLEN,SmallCap
VINYLINDIA,SmallCap
CYBERTECH,SmallCap
PTL,SmallCap
DIGISPICE,SmallCap
GSLSU,SmallCap
ASHIMASYN,SmallCap
NRL,SmallCap
DBOL,SmallCap
IFBAGRO,SmallCap
WSI,SmallCap
PAVNAIND,SmallCap
PROZONER,SmallCap
HPAL,SmallCap
SHREERAMA,SmallCap
AFFORDABLE,SmallCap
VARDMNPOLY,SmallCap
WAAREEINDO,SmallCap
MUNJALSHOW,SmallCap
INTLCONV,SmallCap
BIRLACABLE,SmallCap
NAHARINDUS,SmallCap
ASMS,SmallCap
CLEDUCATE,SmallCap
SOFTTECH,SmallCap
IL&FSENGG,SmallCap
NILASPACES,SmallCap
SAKUMA,SmallCap
GENUSPAPER,SmallCap
IZMO,SmallCap
HCL-INSYS,SmallCap
EIFFL,SmallCap
XTGLOBAL,SmallCap
KHADIM,SmallCap
IRISDOREME,SmallCap
URAVIDEF,SmallCap
RACE,SmallCap
NRAIL,SmallCap
GOKUL,SmallCap
NOVAAGRI,SmallCap
MEDICO,SmallCap
SINCLAIR,SmallCap
MODISONLTD,SmallCap
KOTHARIPRO,SmallCap
FCSSOFT,SmallCap
MANAKSIA,SmallCap
ORBTEXP,SmallCap
KAPSTON,SmallCap
BANSWRAS,SmallCap
MUTHOOTCAP,SmallCap
RCOM,SmallCap
TARACHAND,SmallCap
GOACARBON,SmallCap
ZIMLAB,SmallCap
FILATFASH,SmallCap
SRGHFL,SmallCap
UNIDT,SmallCap
DENORA,SmallCap
NAHARCAP,SmallCap
SPCENET,SmallCap
VIKASECO,SmallCap
ORIENTCER,SmallCap
MGEL,SmallCap
SUMIT,SmallCap
VENUSREM,SmallCap
HTMEDIA,SmallCap
SEJALLTD,SmallCap
REMSONSIND,SmallCap
OCCLLTD,SmallCap
S&SPOWER,SmallCap
ALANKIT,SmallCap
AARTISURF,SmallCap
RAMANEWS,SmallCap
MIRZAINT,SmallCap
BALAJEE,SmallCap
TIRUPATIFL,SmallCap
VALIANTLAB,SmallCap
MOLDTECH,SmallCap
LYKALABS,SmallCap
NILAINFRA,SmallCap
3IINFOLTD,SmallCap
KCPSUGIND,SmallCap
ASAHISONG,SmallCap
DAVANGERE,SmallCap
BCONCEPTS,SmallCap
EMAMIREAL,SmallCap
VISASTEEL,SmallCap
SRD,SmallCap
BYKE,SmallCap
ALMONDZ,SmallCap
MAHASTEEL,SmallCap
PASUPTAC,SmallCap
BPL,SmallCap
THOMASCOTT,SmallCap
GEEKAYWIRE,SmallCap
TRF,SmallCap
DJML,SmallCap
KANORICHEM,SmallCap
HARRMALAYA,SmallCap
AVG,SmallCap
SHIVAMAUTO,SmallCap
GUJAPOLLO,SmallCap
RHL,SmallCap
SSDL,SmallCap
RUBFILA,SmallCap
ORIENTBELL,SmallCap
NDGL,SmallCap
DCI,SmallCap
APCL,SmallCap
KAMOPAINTS,SmallCap
LORDSCHLO,SmallCap
MANORG,SmallCap
DPWIRES,SmallCap
DIAMINESQ,SmallCap
REPL,SmallCap
KAYA,SmallCap
BROOKS,SmallCap
PANACHE,SmallCap
NAGAFERT,SmallCap
RVTH,SmallCap
AARON,SmallCap
MIRCELECTR,SmallCap
LOKESHMACH,SmallCap
UNITEDPOLY,SmallCap
UYFINCORP,SmallCap
ELGIRUBCO,SmallCap
RAMAPHO,SmallCap
SMSLIFE,SmallCap
MANAKSTEEL,SmallCap
MCLEODRUSS,SmallCap
RUCHIRA,SmallCap
INDOUS,SmallCap
IEL,SmallCap
SINTERCOM,SmallCap
SUPREME,SmallCap
COMSYN,SmallCap
INSPIRISYS,SmallCap
MAWANASUG,SmallCap
MAHEPC,SmallCap
SOUTHWEST,SmallCap
NIPPOBATRY,SmallCap
ARIES,SmallCap
DYNPRO,SmallCap
VARDHACRLC,SmallCap
AIRAN,SmallCap
APOLSINHOT,SmallCap
RAJTV,SmallCap
RADIOCITY,SmallCap
EXXARO,SmallCap
ROSSELLIND,SmallCap
AXITA,SmallCap
PILITA,SmallCap
GLOBALVECT,SmallCap
CHEMBOND,SmallCap
SHRADHA,SmallCap
PANSARI,SmallCap
SUNDRMBRAK,SmallCap
BBTCL,SmallCap
BALAXI,SmallCap
UCAL,SmallCap
HITECHCORP,SmallCap
VIPCLOTHNG,SmallCap
OILCOUNTUB,SmallCap
SCPL,SmallCap
PIGL,SmallCap
NAVKARURB,SmallCap
MANCREDIT,SmallCap
PODDARMENT,SmallCap
RVHL,SmallCap
OSIAHYPER,SmallCap
DCMNVL,SmallCap
CPCAP,SmallCap
AUTOIND,SmallCap
AARVEEDEN,SmallCap
MANOMAY,SmallCap
NATHBIOGEN,SmallCap
AFIL,SmallCap
TREJHARA,SmallCap
CINELINE,SmallCap
SHEMAROO,SmallCap
KANPRPLA,SmallCap
SIGMA,SmallCap
KOTARISUG,SmallCap
A2ZINFRA,SmallCap
PRITIKAUTO,SmallCap
WELINV,SmallCap
VSTL,SmallCap
TTL,SmallCap
DRCSYSTEMS,SmallCap
IVC,SmallCap
SAHYADRI,SmallCap
MARALOVER,SmallCap
ATLANTAA,SmallCap
UFO,SmallCap
JAYSREETEA,SmallCap
GLOBAL,SmallCap
SAKHTISUG,SmallCap
ANIKINDS,SmallCap
STARTECK,SmallCap
UNIVASTU,SmallCap
MODIRUBBER,SmallCap
PONNIERODE,SmallCap
TERASOFT,SmallCap
DHARAN,SmallCap
UMAEXPORTS,SmallCap
COASTCORP,SmallCap
DEVIT,SmallCap
CCHHL,SmallCap
PPAP,SmallCap
SHREYANIND,SmallCap
ZODIACLOTH,SmallCap
STARPAPER,SmallCap
SURANAT&P,SmallCap
DGCONTENT,SmallCap
ESSENTIA,SmallCap
PLAZACABLE,SmallCap
BRNL,SmallCap
NURECA,SmallCap
KMSUGAR,SmallCap
MKPL,SmallCap
TRIGYN,SmallCap
MEGASTAR,SmallCap
AGSTRA,SmallCap
SHIVATEX,SmallCap
ABAN,SmallCap
SUPREMEINF,SmallCap
NDLVENTURE,SmallCap
SADBHAV,SmallCap
NITIRAJ,SmallCap
KRITIKA,SmallCap
BASML,SmallCap
INDOWIND,SmallCap
BHAGYANGR,SmallCap
NIRAJ,SmallCap
VIRINCHI,SmallCap
ZEELEARN,SmallCap
NECCLTD,SmallCap
SETCO,SmallCap
WORTH,SmallCap
AHLEAST,SmallCap
GILLANDERS,SmallCap
RSSOFTWARE,SmallCap
MHLXMIRU,SmallCap
MURUDCERA,SmallCap
RANASUG,SmallCap
INTENTECH,SmallCap
KALYANIFRG,SmallCap
TIPSFILMS,SmallCap
VISHWARAJ,SmallCap
GINNIFILA,SmallCap
USK,SmallCap
CORDSCABLE,SmallCap
SAH,SmallCap
UNIVPHOTO,SmallCap
LAL,SmallCap
ALPA,SmallCap
GULFPETRO,SmallCap
NATCAPSUQ,SmallCap
GOLDTECH,SmallCap
PKTEA,SmallCap
AMJLAND,SmallCap
EQUIPPP,SmallCap
VETO,SmallCap
ASPINWALL,SmallCap
TAINWALCHM,SmallCap
UNITEDTEA,SmallCap
DTIL,SmallCap
RUCHINFRA,SmallCap
AVROIND,SmallCap
PRAXIS,SmallCap
SHAH,SmallCap
RPPL,SmallCap
SOMICONVEY,SmallCap
EMMBI,SmallCap
AARTECH,SmallCap
CROWN,SmallCap
DUCON,SmallCap
JMA,SmallCap
OCCL,SmallCap
MAGNUM,SmallCap
OMAXAUTO,SmallCap
SHYAMCENT,SmallCap
AKSHARCHEM,SmallCap
KEYFINSERV,SmallCap
LAGNAM,SmallCap
RHFL,SmallCap
DCM,SmallCap
ARCHIDPLY,SmallCap
VIPULLTD,SmallCap
SONAMLTD,SmallCap
SUPERHOUSE,SmallCap
HINDCON,SmallCap
ALPHAGEO,SmallCap
GENCON,SmallCap
RKEC,SmallCap
INCREDIBLE,SmallCap
ISFT,SmallCap
SMLT,SmallCap
LANCORHOL,SmallCap
BAFNAPH,SmallCap
WEIZMANIND,SmallCap
SADBHIN,SmallCap
BSL,SmallCap
SIKKO,SmallCap
IVP,SmallCap
KREBSBIO,SmallCap
HINDNATGLS,SmallCap
SURANASOL,SmallCap
MUKTAARTS,SmallCap
INVENTURE,SmallCap
CORALFINAC,SmallCap
MAHESHWARI,SmallCap
INDIANCARD,SmallCap
INDTERRAIN,SmallCap
TEXMOPIPES,SmallCap
MAHAPEXLTD,SmallCap
ARVEE,SmallCap
COMPUSOFT,SmallCap
HILTON,SmallCap
DELPHIFX,SmallCap
MANAKALUCO,SmallCap
KESORAMIND,SmallCap
AARVI,SmallCap
HDIL,SmallCap
SIGIND,SmallCap
RAJMET,SmallCap
DHRUV,SmallCap
GVPTECH,SmallCap
SALSTEEL,SmallCap
ATALREAL,SmallCap
BALPHARMA,SmallCap
CENTEXT,SmallCap
PRAENG,SmallCap
CAPTRUST,SmallCap
GANGESSECU,SmallCap
AIROLAM,SmallCap
RAJSREESUG,SmallCap
SMARTLINK,SmallCap
PAR,SmallCap
XELPMOC,SmallCap
AKSHOPTFBR,SmallCap
TIMESGTY,SmallCap
INDBANK,SmallCap
MODTHREAD,SmallCap
STEELCITY,SmallCap
WIPL,SmallCap
HPIL,SmallCap
GTL,SmallCap
YAARI,SmallCap
PRUDMOULI,SmallCap
TAKE,SmallCap
VAISHALI,SmallCap
JOCIL,SmallCap
LOVABLE,SmallCap
BAGFILMS,SmallCap
LOTUSEYE,SmallCap
MANGALAM,SmallCap
ODIGMA,SmallCap
BTML,SmallCap
AAREYDRUGS,SmallCap
TPHQ,SmallCap
PIONEEREMB,SmallCap
SOMATEX,SmallCap
TARMAT,SmallCap
GAYAPROJ,SmallCap
MCL,SmallCap
OSWALSEEDS,SmallCap
PRITI,SmallCap
CUBEXTUB,SmallCap
SIL,SmallCap
BAIDFIN,SmallCap
SALONA,SmallCap
ZENITHEXPO,SmallCap
VASWANI,SmallCap
KOHINOOR,SmallCap
RELCHEMQ,SmallCap
BHANDARI,SmallCap
LOYALTEX,SmallCap
LAMBODHARA,SmallCap
SAMBHAAV,SmallCap
UMIYA-MRO,SmallCap
FIBERWEB,SmallCap
LATTEYS,SmallCap
ACCURACY,SmallCap
TRU,SmallCap
JHS,SmallCap
GLOBE,SmallCap
PALASHSECU,SmallCap
SURYALAXMI,SmallCap
AUSOMENT,SmallCap
DIGIDRIVE,SmallCap
FLEXITUFF,SmallCap
SAMPANN,SmallCap
MOKSH,SmallCap
BHARATGEAR,SmallCap
REGENCERAM,SmallCap
BEARDSELL,SmallCap
IL&FSTRANS,SmallCap
SPLIL,SmallCap
ARTNIRMAN,SmallCap
GOYALALUM,SmallCap
KAKATCEM,SmallCap
HECPROJECT,SmallCap
PRAKASHSTL,SmallCap
SECMARK,SmallCap
ATAM,SmallCap
TOTAL,SmallCap
DBSTOCKBRO,SmallCap
TOKYOPLAST,SmallCap
SELMC,SmallCap
CTE,SmallCap
GROBTEA,SmallCap
LPDC,SmallCap
OBCL,SmallCap
EXCEL,SmallCap
PATINTLOG,SmallCap
SHAHALLOYS,SmallCap
MITCON,SmallCap
GSS,SmallCap
AJOONI,SmallCap
TOUCHWOOD,SmallCap
AAATECH,SmallCap
SEMAC,SmallCap
HISARMETAL,SmallCap
MOTOGENFIN,SmallCap
FCONSUMER,SmallCap
ANMOL,SmallCap
FMNL,SmallCap
ZENITHSTL,SmallCap
SUNDARAM,SmallCap
KAVDEFENCE,SmallCap
ENERGYDEV,SmallCap
LASA,SmallCap
ORCHASP,SmallCap
SUVIDHAA,SmallCap
AMDIND,SmallCap
ALKALI,SmallCap
AGRITECH,SmallCap
NAGREEKEXP,SmallCap
AHLADA,SmallCap
CINEVISTA,SmallCap
ANSALAPI,SmallCap
AAKASH,SmallCap
INDSWFTLTD,SmallCap
PARASPETRO,SmallCap
ISHANCH,SmallCap
ORIENTLTD,SmallCap
BVCL,SmallCap
ARSSINFRA,SmallCap
TFL,SmallCap
SECURKLOUD,SmallCap
DELTAMAGNT,SmallCap
BLBLIMITED,SmallCap
SHEKHAWATI,SmallCap
NOIDATOLL,SmallCap
DIGJAMLMTD,SmallCap
3PLAND,SmallCap
BANKA,SmallCap
EROSMEDIA,SmallCap
BANARBEADS,SmallCap
SILGO,SmallCap
DAMODARIND,SmallCap
DANGEE,SmallCap
ORIENTALTL,SmallCap
AKI,SmallCap
BIOFILCHEM,SmallCap
ARSHIYA,SmallCap
SKIL,SmallCap
LCCINFOTEC,SmallCap
21STCENMGM,SmallCap
RELIABLE,SmallCap
ASTRON,SmallCap
JAIPURKURT,SmallCap
BANG,SmallCap
ATLASCYCLE,SmallCap
ROML,SmallCap
GODHA,SmallCap
CEREBRAINT,SmallCap
LEXUS,SmallCap
CELEBRITY,SmallCap
HOVS,SmallCap
GANGAFORGE,SmallCap
SHIVAMILLS,SmallCap
KARMAENG,SmallCap
PALREDTEC,SmallCap
AGROPHOS,SmallCap
NARMADA,SmallCap
VINNY,SmallCap
ARCHIES,SmallCap
MALUPAPER,SmallCap
RKDL,SmallCap
ADROITINFO,SmallCap
GOLDENTOBC,SmallCap
BALKRISHNA,SmallCap
SIMBHALS,SmallCap
ICDSLTD,SmallCap
JETFREIGHT,SmallCap
HBSL,SmallCap
SUPERSPIN,SmallCap
DNAMEDIA,SmallCap
TARAPUR,SmallCap
GATECH,SmallCap
AROGRANITE,SmallCap
LFIC,SmallCap
NIBL,SmallCap
KEEPLEARN,SmallCap
BURNPUR,SmallCap
MANUGRAPH,SmallCap
MADHUCON,SmallCap
TECILCHEM,SmallCap
SUPREMEENG,SmallCap
WEWIN,SmallCap
COUNCODOS,SmallCap
SEYAIND,SmallCap
NGIL,SmallCap
MASKINVEST,SmallCap
SAGARDEEP,SmallCap
PEARLPOLY,SmallCap
SITINET,SmallCap
ABMINTLLTD,SmallCap
TREEHOUSE,SmallCap
AMBICAAGAR,SmallCap
AKSHAR,SmallCap
AKASH,SmallCap
ADL,SmallCap
ROLTA,SmallCap
NEXTMEDIA,SmallCap
ASHOKAMET,SmallCap
KHAITANLTD,SmallCap
AKG,SmallCap
KANANIIND,SmallCap
PNC,SmallCap
LAXMICOT,SmallCap
BLUECOAST,SmallCap
TNTELE,SmallCap
SVPGLOB,SmallCap
FEL,SmallCap
MOHITIND,SmallCap
ROLLT,SmallCap
BINANIIND,SmallCap
NORBTEAEXP,SmallCap
SRPL,SmallCap
MITTAL,SmallCap
NKIND,SmallCap
KRIDHANINF,SmallCap
MADHAV,SmallCap
DIL,SmallCap
SHRENIK,SmallCap
BOHRAIND,SmallCap
MEP,SmallCap
HYBRIDFIN,SmallCap
SGL,SmallCap
BLUECHIP,SmallCap
NAGREEKCAP,SmallCap
ANKITMETAL,SmallCap
KHANDSE,SmallCap
FLFL,SmallCap
VIJIFIN,SmallCap
CALSOFT,SmallCap
VINEETLAB,SmallCap
MFML,SmallCap
MARSHALL,SmallCap
LIBAS,SmallCap
WILLAMAGOR,SmallCap
SUMEETINDS,SmallCap
TGBHOTELS,SmallCap
INFOMEDIA,SmallCap
HAVISHA,SmallCap
SANWARIA,SmallCap
KAUSHALYA,SmallCap
KSHITIJPOL,SmallCap
SANGINITA,SmallCap
GTECJAINX,SmallCap
TECHIN,SmallCap
GOENKA,SmallCap
PODDARHOUS,SmallCap
GAYAHWS,SmallCap
CYBERMEDIA,SmallCap
TVVISION,SmallCap
GUJRAFFIA,SmallCap
VIVIDHA,SmallCap
GFSTEELS,SmallCap
ACEINTEG,SmallCap
MORARJEE,SmallCap
RETAIL,SmallCap
HEADSUP,SmallCap
UNIINFO,SmallCap
EDUCOMP,SmallCap
TIJARIA,SmallCap
GLOBALE,SmallCap
IMPEXFERRO,SmallCap
LYPSAGEMS,SmallCap
RADAAN,SmallCap
SUULD,SmallCap
SILLYMONKS,SmallCap
COMPINFO,SmallCap
ANTGRAPHIC,SmallCap
TCIFINANCE,SmallCap
SHANTI,SmallCap
GLFL,SmallCap
ONELIFECAP,SmallCap
MTEDUCARE,SmallCap
SHYAMTEL,SmallCap
NIRAJISPAT,SmallCap
UMESLTD,SmallCap
WINSOME,SmallCap
VCL,SmallCap
OMKARCHEM,SmallCap
ARENTERP,SmallCap
CREATIVEYE,SmallCap
EUROTEXIND,SmallCap
UNIVAFOODS,SmallCap
DCMFINSERV,SmallCap
KALYANI,SmallCap
ORTINGLOBE,SmallCap
PREMIER,SmallCap
ALPSINDUS,SmallCap
FSC,SmallCap
SETUINFRA,SmallCap
SABEVENTS,SmallCap
CMICABLES,SmallCap
ORTEL,SmallCap
BGLOBAL,SmallCap
LAKPRE,SmallCap
QUINTEGRA,SmallCap
RAJVIR,SmallCap
SANCO,SmallCap
GANGOTRI,SmallCap
CURAA,SmallCap
